0017517427da230341d7d592bb7e8d671ce4d3ec.png,8U5DJ
00e4e9cfa85eaf7beef3dbed9a3c1d44b5f1f02c.png,33Q1W
0118c24db761f0eb659d48b835c17f51d1c236dc.png,J7DOZ
01446a186a201e96ea9ec7169149394d6e69a5da.png,QOR6B
014da5f57bdfff726dd1901131899a21ef2b4a57.png,IC35V
019d9600fd5c076de1121a02d05084dfa167ad3b.png,B67RC
022ee627ed36bb5f6c4cf3a24707c981f8f3d5b5.png,RJHBT
0243c87ed5374eb1a0bf13fd79a702c490204473.png,TIHRX
02ff572f81eeeeb9e8b530f55bbbe1da0f6039c4.png,FBJ7Q
0325b255cc2f2128ea526b758e5cc9668b017bc5.png,3QEDP
0380e6287e794edafb3aec4f0167b6f0a41599cc.png,XCPL7
0380fdd560399bed2228316e8d2ecdf00c5ff5ef.png,94N73
03f75f8ea0649e800bf0f363cc711f1cf69f26d7.png,21B0K
0459085191eab1d9ee07e9da26cc4a71c7fc64f1.png,4ZO0S
045a443555568f10e349c3d7000b08c09912c920.png,8FRXZ
0465ab09b4f8b50b0b28690c065553974317bc64.png,GXB80
04abbabe94a7e5e225785ff0c176dc4f5553fc5d.png,6R29E
04c9360533df2797242cf13418567877d91e1771.png,9E5N7
057f7c19f5d4fb56e7be3304230a3805d60cb624.png,4BINY
06640faf48b6535d5aed0f6c169a44971f49dfda.png,14ZSQ
06eab6e9e0b304ae72c6f1b99d8691ee9c9bf54e.png,4XQFO
06facf5220f59767ee72dbcb6affef2df981bcdc.png,JFR6R
070752519b5e6fa084a2dbf9f4c8febb2a1f43e2.png,SHTNN
07230392f092c1d04a747d40ed308c543558f1cf.png,3JLIQ
08834e114f00a8f0f06ae4c6d047a32966e24c22.png,1CFZB
08879fabb56b2e260c34c5aea9fbf0e5466922da.png,KPTOW
08b8177c53f5fd789099b0dbcb9097618c4ace96.png,KMGSE
08c07a987250071ef7150e59e297db56889ebd5c.png,529BB
0914050101311e474660f3e2cf4572770b1ea0ac.png,7MY9M
09198664334a0c1ffa784a1bc9f31873f696ec81.png,4WAZN
09787ca04360e293c00d071671fffa4955922730.png,4S3E2
099f5d59b9675d394d360b63de8fa56cfc783894.png,SPDZS
09e7bf93850ca74315e4a58e77c4c4060022ac3d.png,RRTIZ
0a72a2db460b14614278e4a522d323dccfc1fd95.png,P61ZV
0a7c8d003a611c40c5c3ba3c43e97849020a4062.png,WOFMI
0a981f2d6cc3d0f1b8c70eeb9928c4d65eb94d11.png,BKCY9
0b031191237ed783559da3a5b6dee81fa8624fd8.png,DP07H
0b5181fa287ea198e3badf299ef78b400e56b8de.png,SK4EU
0baddc1226fb2a7f33f5b4051b5f2c464371dfd2.png,CD91W
0bb2a72fe305ccb2c01ec7450ae2f622d09288ef.png,8RLHA
0bca728ebe3adc699b624780a65afc61927e0eb0.png,LDK8M
0be014ed0ce8efd844a78d626ee3154cc07d55cb.png,55TQN
0d1704686c8d2364e779e7c9e7c20a8d7c37aa7c.png,TO84J
0d1a48e5196f4519bf49cc6ec9a3375c8264f160.png,6597S
0d3b971b11be78d764993b8de0dd0328d95c92c6.png,SIFSP
0d4960613a6a4afc97ca7f694b1611aabe5f4482.png,YOSQV
0d988492b5fb76707a446d59c228dded59578a99.png,M5Q1Q
0de9e586b88ca9781f66b8f2181949ba3e4360d5.png,9Y9N2
0e1a621ea533178f18627d8c9bbd7084e2845e18.png,OE2NC
0e3ee49c3f25974ba5c760daf52e1ff9d6eb5fe6.png,PN94X
0e4f2d48d77d7e5f5f022336703da23d74299f72.png,LXJQA
0eb97c5c5e020a125faa3007a24592aee282ed22.png,DHG8A
0f2f179fa49b8fa57ae5e37f7bb1604628cf31b7.png,S41HP
0f41e0f49bd18954b3ede44ab61b41511ffa47f7.png,OO3DL
0f8ddc17188c88329f0846ef924e2bd2dd0d9c2b.png,NXQA7
1092ac805c6d8aa6b8fb9cbcb7f95a14d9d616ef.png,INHOO
10d70d8f53688937971d3bf65b61b388564eeab8.png,8TNBM
10e3910b6013caf73a201d809179efe23c41cb7b.png,5FZBJ
10e8d36cd75cf620bf6f96140cd7a227e445c3a1.png,EH7CC
115b8281c7fe7edea01c314b217e0912003f8267.png,B1KR4
11dba03897780e852822c855ffc7ee26f735d85b.png,8DVQ4
11f3a5c522a5ef791dbb84cd698b64a3f16cbd37.png,A9Q1T
1255c6588f98e65e28fee71eee4d72ea408a3228.png,GXAIS
1272bcac7371b13fe7cc0b0e4073ed2b3add417c.png,B243R
1281708f244b5ff3cb6e540dd41dbecf733be2ac.png,9H0BA
133bf946459130f60cdc235422170e110174b550.png,KXM8X
13447f36f56a435ecb79fafc5da48f539237bfe1.png,MOVPD
13793e64eedbddae2157f2f0307693aa2203f1e6.png,FKYPL
13a67ad6ad7e1912180a496c652f019de1672528.png,TIZEV
1409f4fb6d9ba28ab6679b202d26613b15fbb4b5.png,OC1KP
146a92b95cb7eace2bac49d13bcc942be50805d0.png,OV3UA
149aae08999e0080b09c04077bfc63b5768e81f6.png,C5G0M
150cd274bbfbb4e03ee213765552941a0da6ea31.png,GEZ4C
15481fc5f86bf66a03821c230ae0d2bb21cf9ecf.png,QAONP
15604a8cd50ed3ca2f6119a4131efead058b0eca.png,2T3HR
15a4e4370bf0ae1830c777367d339b77d79301e8.png,YDKLO
161bf2fa28a1ceefedec090f6166874eb564893f.png,OKTIF
16ad38f65c0101d4cf84022b985cd18883f23b3e.png,DDWGY
16c3305f2f1ce01de5b7fb6b44f308ecd7673170.png,M88UR
16ef07bd74094e1ab006c0ec6f83284780ad83cd.png,NPA4W
16f692756371402a187a943064a5b87a07ca7342.png,2KV4F
1708db2cfb738df99abf3c50b5fd6740a2ece0f6.png,03HC4
1729bddd88a856138abc6586a6903416c40fa7b8.png,58NSF
178ccc4a8bb3d227178d1971ab7805b5f01005e1.png,KJAWL
17c650498e2c515cf5d461546bff13a60d70b461.png,GHYOT
17dc749bbbef0ff5f68a7bf31309f74a58b90895.png,OFIW8
17ef55542a243e1f15e4c28c744442428237e83c.png,L8MZ6
17f164ff7a34ec357d141a92473561a7723ffa6c.png,V7JOY
17f29bdf9b3b45f9ea9163bd3becf076bf0d2103.png,IT55Z
17f7bf8ffd54613aa46b1e5ec8de882782f31655.png,FFAQN
18493b0dc9f46060953569ed5462b8c6b91341ac.png,RUEAJ
18594a46f6d26f49f18662674e33e6f3f3b1852e.png,ZQOD2
1896b603c1bf1bea3e5e42de43d87e994fd6b450.png,CZ44L
18aa095bcd49a3755b7d79cd7aa84dfde77f6b12.png,VIS5W
18ace81f4c423702da7b4e7222c373981d765ba6.png,M8PLL
18b3804243cb7db6ba4eaa62c50a730356e442e6.png,W7YMW
18d5dca0370543571cb8911f3558ec914854f0cf.png,1FVHK
1917eff751971bb40665d52150e3c82603a3450a.png,V6ZZV
198d3ed707d62d203e532c81454bbb63dfc57441.png,W321P
1a4b53b85826ed8f1ae9d15bd4c83290e0ee5784.png,9KIJM
1a4fa078c7beac6358fbf057a9fe21d72c28affc.png,SV30I
1aa0ff8e0efdf153c7965824ad5a40aeaaa7c440.png,KRS4J
1b14f40fe3211bf2e8c2d893da9c3e05297f64d8.png,4133R
1bf7868ab750fdd6239f0bec018e876ba3c294e2.png,SW4LO
1c64be4b65d15d75e92fa625c1c23c59cf191221.png,8OAIN
1c95cc96eddfc9331cbf3dc3b137f70ce23a3e78.png,XRY4L
1d13b19ad047950ad1ca0df128c1987423b0d54c.png,Y6HMB
1d42b8c8f45356781dcc6ab7f61f2e3b5e3a3980.png,64X3F
1dbfcb3ec3be2eacadb35e6049c75065fd88ee1b.png,OTF5X
1ddf4817239a3910c7f8755a06accec83835b88c.png,NW342
1e15df98a440598a8f0bb69320c913e85835fb74.png,2TY3A
1e40492d404c4e8334aa2d0e94809866993929d1.png,JDQZZ
1e5679c9f974d625fbfef6e3e774c764f71cf3fa.png,H2RHC
1e7615a0cdb4162bd201f3dcd8ca347518fa2cbf.png,JAEV3
1e9e0be52d68590954463470102bc57240dc1e57.png,NZOW7
1ee88b42fb2ee80ce59caab83d381ca15362c6bc.png,M4ZGM
1ef42e05cd09a01b33299edb1f7ec30edc443c45.png,IXJ6H
1f230cd43d3c0937da62355e819e544a608aa9b9.png,L5J2N
1f46a611a298eed5318c93528c3e0f8e73c559a7.png,PEI8N
1f50d41da526c142872994abad4d13e62b14b66f.png,YNLMO
1f7872200bc56540957a8119a76180a25af25e17.png,GT7P0
1fee775a7d5003db2a1c2d44ccce87041298553a.png,5PKL5
205986f2366767b19db325d485cc8ab4d34e0823.png,0ZBRY
207d17fd9bb2c00a2d44e856151f3a56e7085a83.png,WC3TN
21255719fff91d8b15cc6c6399feefb5d0378df6.png,KQ935
212f55ae362a1713eacd48ece717cbbf5576cef1.png,CCBB1
2139a46ae0f55cf2cddd66f1e5ffce432f7212d6.png,JJNUM
215b88d5cba88744d98639fe83e3af1cd148e6d8.png,VWYHC
215c64a46ca8a5b7080e0a3309d0690cbede958a.png,4ZSUQ
21f310e3e5ec36c8b2c52b24e0870d7201b883c0.png,YV115
21f973659356509d0a3e7ab734514945e4d8d02a.png,FJQYU
223866a242f2b29758e249ffb5a5139f75873659.png,ZQ5YQ
22e61b6742a0047de110037be315d35542199e49.png,KSWFP
22ebaa2b29733cc0ea3f5e8ae9de8fdda68a5957.png,QJS7W
22ef0695b59951c17c1d4d8b2a9169f04f71bef0.png,P7OX4
23b30598ffbcf10b5c0700085c92c474efd70d78.png,FW8JS
23c19c55d0c3ff48251dea677f7b85a47f2ac2e6.png,5TV9C
23c8a9713cf561e2e3bd49f66a21fac550d83d4a.png,L8KY7
23f4f497f521cc8dfd37c8fbebf5fd899a06afa0.png,OLWJG
245072946a6955c05edfed0782f71f5b5e61e44b.png,B7NIY
2463abb5b486a0f795d126654b6e5680ba7df115.png,WXVZI
247add5ee17f7b9d13d91889d6e00ab4316e6b66.png,ZEHH6
2484d9116c78c275edb6a75f7b0cfe4eb67ffa27.png,F0KPL
255ae9ee3c98186fb54a5bd50a5a4f262e0e213f.png,EDZED
25f0f1ab3be7f473f83a4a37ec04f7de7f635b0c.png,CPSWB
265b106a4f1aee4e7721705d9da5ab43204ea39d.png,A298H
2679d1691a84e160e12285135ba09931dfd40f3e.png,A90ZJ
2740191ceb7ef2bb9543c3816fe2c53b172f8b69.png,W4ZQ2
275e5e7137d9429f9a3a2b466450d5a58d5fd088.png,QXW80
2786c6379607282b2b5a548a20ab3115d739730c.png,HXK3F
27d8cb37b37752ae96280dce570497fdf17dee92.png,UE0RA
27f9efa73b28ffe69fd34ba77ad3e043ac95483c.png,4EVSV
2812aa9831536890118a23a618dfdc7ac483936c.png,GWEED
284f2ed57bb0775c269539475018106881a3e432.png,3VVLA
28624551bee2930ce8dc3789b98198504c7ec204.png,Z6KXM
287a84baed82bf9007ee304b94f0e6cba49927d6.png,O2GJ4
28c1582fca4c37b80ffc2c2bf9cc6119c55bf98b.png,JE1XR
2a2aa97e79fa60ba395866a441a4e6a367de52e9.png,6WXZU
2aae26e5963b3c755ba1d19a8b68d7230a086efa.png,ITD19
2b1b652e7973be08941dc8bb36dc196599721f2d.png,5TCNZ
2bb469044efcc1e1a5f62b2a4a29547f787b0376.png,3ZL3P
2c825987db4975e7d5f5e7b9cd34a5d66b55c417.png,OIACQ
2d0ee334b68cdf84aec066554eee1b3c95ea104a.png,EMNAM
2d82a6cd2037e7a9f09b28f06412f28216a3e028.png,JCTFV
2dd502c2d36591d683853f2335f1448ab8a5f55e.png,RU4C9
2df922924f916fb11434af13adf718465f55e1ef.png,Q9CTE
2dfa93dae632e2dc8a866a10083d465568c302c7.png,OPOWE
2e710d37346182f45b51eb4e6ddb6c815d7c6d96.png,T83BL
2e80f751c731976b8d3281192bffa2b76168b0ae.png,8AEBR
2eaf6c8091b849820e685c5523349f0ccd42d0a9.png,6KQ61
2ef478b420ff60a3c4859240079ffd6dda7d8111.png,OZR2D
2f02a2349d2be032a2bce6d4415595b77f16daaa.png,AKG25
2f54d949fa6b8ca65518445b08a4350ac2cef9b7.png,Q8OX4
2f88fcde0510f4c6a6670033600caa9bd9f0f459.png,1RQCR
2f9e6a24e46258ef87b37221f7eb70e91832b142.png,TZVZK
30039448ea07a4d592da1020ebe67ec94284b716.png,VOAH7
30060d8882ccc0bfbf2db793e67d89768acdfec7.png,2DMIC
300ddfec1ec16a99b8e8b8377f7b483f9f070326.png,LBIWN
3027dbf376b0ce0f0084fde5d5ce752c2ea173d3.png,OTUT2
302ce8d3c7e230fb64a1bc0afe516360a51bc4e3.png,22AUV
305ede1140d639a82e1176892c2e7ae4ee7f671d.png,X0SPK
308b31bfa9ac84267f268ff2c7913031dd70ef31.png,WZZ3R
308f96a2dfb4da035a802db701d41bdc14535a50.png,FBES6
30b40f492d739ab70364f0d35ff056a0b147dab4.png,XNFFL
30e82826ebfcc20dca2b47192dc317be8e62fe4a.png,IWB6K
30ec6370d1aaa679d28173075fe89589cb87ba5b.png,4DDZ4
30efe3deceeb384160c7d064ee299e5efcd9fc11.png,L0GAM
316884878468080093c73e452a83b2872cfe3c52.png,YAGS9
3190e98c7767caabb8b3673e885f700434699134.png,36LUW
319cf9329d199127482cc09ff1dd957fe12ec184.png,IGB9X
31ee6025b798dc3f2da403da2d561285b3e1ff0c.png,ZYXZA
31fb7a40e40489e12a98fb01e500d5ad440cc448.png,4GNW6
320ee5d569d679da384b939e7356d184d7438d1e.png,PWLTK
321f4d72481d9cd1909a1a6f2c8f5f43c47fbb15.png,MG9XB
325833880a8816213283b97aa30cd87637fb10a3.png,OGXXN
32b369f23303c19c2e4b5dcc3d2f2ffdf82100b5.png,8OWUH
332188ff6d348a84daefaade941ea3edffc305c1.png,57VSX
333f45023c7370a3d6efcee5fe61cc6fe058e8a3.png,TWW6A
3340728bbb8dddf3702da14b20d83ebc9321c45d.png,ZCRB2
336c06e4e1db63a453e725989fbda332c1089de5.png,MKHCJ
3447ba4f2a5dffe66940a5b4a3bdd4ddac9d9ad7.png,3GUSW
346a78fa6c6309b764e30c83e18cf87ca716ab27.png,BPP33
346cfa817e44845ccd0aa8a2fec0b2c780ae362c.png,QUG2P
3471e7d77d04bd7d56eb47a17240329a053580dd.png,RRAZN
347b1faf360ad4d7036261064d036043cbc48a62.png,BW539
348c55315261dcdc92b76623fc2543004427485c.png,423EX
34ccd813e349510d6b433148dd3fef00081bab2a.png,3ETDV
355342a1ba5f6b506d7728ba8b919c89d0443d9f.png,LGGY1
3586a0730cc8d6681da2c828e85dc45cf7f61fe6.png,3ZVLR
358c47ba3d85b29462c162f19c72ede4c5b8035c.png,NFOSR
35b5da11156bab0c747a5c7d9f0b9220765bfba5.png,22KPL
35ecca06105039b0f4f7b7a6c7fe5c2e2df73244.png,E98AR
3608d11cc459625d79df9f61d5a4464d2c007c4c.png,FDQ9J
360f4985105f4c8ea0a77e51aa034cea027d9064.png,NQQ02
36448108c7dca7d4269762456b5ffce350c50dbe.png,8UMYF
36d9113c075909491162679ac96bd912b9c4c368.png,MFTDS
373622cdbd59ca4c2d0fa2efc9153c9383757a1c.png,MCC7R
37a74ac20bdc99e5ce85317104a0c2f3b515a541.png,46CN2
37b3446cd3ece7f5e14f2c8f7f101e3cf202b896.png,H33JB
37c9e9e47f8113647351c0db2af677a176d75f90.png,XL7BO
37e3ce9bd127736638103000b805d6d7dbbd15f7.png,92PHU
38011a603fe82e443ae580f19d277d6d811b7a0c.png,Z66ZC
39099e6d6a86b8561786d48295fc4d5df9f462f6.png,DQZJ2
39210376f013cae8b15d9f9224dc6624d656812f.png,DOYIG
3922ad841b3204704fbfd38b3449cbe29c505a43.png,PC9XU
3930064688f1b75743c1367bffaeb59677ebffdf.png,XX1C9
395c49af6a9191459b40cad5d935a0c191526e39.png,UKVPN
3a02c229b4ca1faa1049fa0358a2c57ea3d2f3ab.png,C62VQ
3a079f4d326ed8b4b13bd8edff637515926812f2.png,MWUX0
3a34482c605cae84a3fc3019606f331db57ffbab.png,UJXG8
3a5d6e007cde6b09cdd6fc5e657de982c4b70f0e.png,CNWT9
3aa6a2fc131b14486da2b76818fff0499b98c90f.png,8B88A
3abc41f7d16841caf2a90908b94b363805b41042.png,S8FZA
3af19f73512e66466e456ea761d2684d7a958e3b.png,ZL40M
3af9e23f21726451cb31f12c00ea96ea7bac2998.png,MRJMH
3b3b60c2cfc047752152aa203bfe9e0d8fa98c84.png,Q4M7S
3be3345fedfb61518f7acb2bb2c3c4a05c285e04.png,TTW1B
3bfffdda0f12ee3c4ed9617897e1d2643da41c18.png,I21UU
3c0b0777b2d992299460fdc142b8cea443d89d8e.png,RTHKS
3c70c3f0ebb5d45d71769d8ced90c03840660d5b.png,M9TDP
3d16a5a0580f80133777ff1aa8aee9a07ae57b4b.png,PAZ0A
3d811a125b09fac0e8ea5e6e0bc7f6ad38a3bf80.png,VLCAT
3db08976c32a71a04a98716f52397490d399e1f9.png,4MXNL
3e0889e55ada3009faab310203e0e22f3cf7dc1f.png,R4KJS
3e276288b1ccd82b2cf93703418fca533eb88037.png,H6IWJ
3e4a233fca603c569a305597e3f5ca508d33f98f.png,37ZJ1
3e5dfa551ba9b07e219d69d772600c128527bd88.png,MX6MV
3ebfc499d3454d969f0dca3aac8130eeb7f53531.png,CYV81
3f13733b1770aab8310ffae8173b9d9b20e85d2a.png,GRMP4
3f13b1716b2129a5078dafcf68a593f428c3aee6.png,D7FPY
3f43e797b7485bb6e0bbee773250dfb9ee5af187.png,TYNAO
3f7a4177b8f0d5940f7187843aab2793fc6c5d1e.png,ZNH6B
3fb8a3e1310bd7afe91a03f2598884cc8b028a96.png,WINB7
3fd5a87c3b14529c7f6fdd6b19dfe7c61f9ec0c4.png,ZZ9VQ
3fe10a4d78c2a7c269473c58225df31749db22cd.png,EXETN
3ff2e95395003e09620d6f29b054d04bf84560dc.png,S338Z
400eefd44718ae595c411e6a533e92218f906368.png,UAW39
4048578dd2bc42cc436b1d7ff5150c8869bfcc8c.png,1TZ66
4060abf3021720dde7d7c730a85ac1d1241602de.png,TBIUV
40e98f5593c8a7f7879b44d76d3f73e5e575639c.png,6X6K1
419bba7917017b0be03084d78809d816ffec6493.png,XADXB
41c4a4c1a361bb09c0580effecefe0223c560c79.png,BRTMD
41ef10608558474d179f1eb6eb97aee0215b9d32.png,SUO0P
426ab27ca26c01d7071efc7b0e2cf01f99d9d47d.png,BG46U
426ffbce478d510cd74f29a8c10a4a6beeffdf3b.png,KOVYX
4282a7f67ee9a5c19fccf25e99a9abb400d730e6.png,CO1N9
428ddec89c53de6ccc35caf9402f1917feefd4b3.png,XOZ4T
432db1d07b54075cae17b09750cec48e6674d3e5.png,B92XI
43346ab4c2abc51dfd5a5b5f9fd8b366c1cf8c86.png,0RARZ
43f309319d60acb916380af04a39b176e039acc5.png,XF1FX
4477e2a71ec8603b3d9cdc952788cb1cd7b7b2c6.png,CNIAE
447d24a701e8d28ac7e71363ba0e5e2d408ecd64.png,YDXLX
44802d9a6667619b9d7675fa9bfd3a099821ef13.png,1HTHC
44bc3442fdc8882f082fe73a71cdfb85c61904ad.png,FH56R
44c33222629aae481b3f31a398c6570661e96de2.png,NPP32
45472200f31433fd63245dbe8270d4276e38f3d2.png,SK4JO
4564a916265126790fdc57718b54c30a7c82e12e.png,I3FMM
4568fe43994bc311854155e668d0796ed96004c2.png,KA97D
460f50d54c89da6fb8a4fa37593ae4e03cead88a.png,IDHNE
461bba35ed462885cb787d5c84c36518260e2ce3.png,70RNJ
46222354e48a0ed5ac649a4b4790cf4e4a3bb7fb.png,9U5FB
46377cfdfc939a1ceccae5290c068457649c31f0.png,5V6HJ
4653ba0f49261107af861a7cc3acfb59d809c9cc.png,1Y20Q
4656b65da4f8d8dbc85fe93abdbb7ee54218a1f8.png,K3LUD
46593b966fe4b31bbb55d4c535dd69bb68ea5038.png,AEYFF
46c2a977ac981080fe1fc02793f9d2651846bbd3.png,6QJXK
46d4ee53b8c3749bc7c8ee5d2b4fc76379b8754a.png,GEVDW
477c92bfbb795825562f8d7e455c8b464468016d.png,HBDVO
47d8047f05caf1aaf58f669abdc7b8cb19fbc3e3.png,CT6U9
4897af4cf544f3b255080ffaebb8723f9d6103fc.png,L5LZS
48eeda856056cd1f4dfd095369233a8a7ea294ee.png,URQ0R
490c6b45f7d3fbf206abf0b4694b00eb2f996c30.png,KXK31
4a058815e6b798ced72711d465d33eec15e62370.png,70SRX
4a486b8301b5502479445072c26e38980a685208.png,MH9U3
4a6c780ab82e3eb738d8f5c83e1340c429b4e6df.png,EIJXQ
4a890b8fddd50e73cb4d477faf96fede2c967044.png,C12F1
4bbad0001faeaee7e3721d0cdc9826d40b1565ab.png,2YXG9
4bc68cc0d19bc8a93793848960558f8a6774f847.png,4QF2T
4bf89cd27a0b88dd456d4da3fae7882c5fea69f7.png,IUDBN
4c326f07e4ffc233ef618b99effc8ea37ef6c7dd.png,LGJV1
4c3a5f3b94f675a311e8c09ed3a8390785c0c35c.png,V8RDV
4cbaeeec539f29fdc1fb0a6399e6186de507e639.png,OB2YJ
4e00035832f8812f98d9bf5bb9984275ad81c491.png,M2LG4
4e0c0c76ee843b40418b262682fc6c34e6fbfd6f.png,V3K8H
4e3b86357f2f18ee0d1b96e625120948de4f3b0b.png,E4OAN
4e6877054e8bc8ad67fe25f5497a5a3191fbc046.png,W711A
4e8f629c549198578ac12eacf5284c9d18fb6a72.png,82EA0
4eabd99a9e33c7f96452f76b59eae44fdeb95aac.png,HOO9C
4ebbf2d36839be44145048477e98b9d824f27747.png,2PF4E
4ed93a684f6b001c39f049e4764f2f1a357681f8.png,9EB3U
4ede56cb0dc53253bab9b662b765e9098d4a8ac4.png,CHMCN
4fa9ac25e6a49634693bdad6e204b456d5fd5d99.png,OPPN2
507aa64849d3eddc20cf1f9bfb03b0edeae7246b.png,Y65TH
50bc021d982b2efbf35e466aa84b33e3e44094ce.png,R3B8U
50bf4239c44027fd993a77636c9c8089cf59d6ba.png,JTHLV
51293a376c5f2657b8f335b7f6c1e1f014feb123.png,4JIQU
51826e9d5a9fe25a140f8242a1a37b6029820d4f.png,747QM
51cd3d3d17d436a22c28622271248bccafb213d6.png,HFKN7
523361df7acef9798a52da309030d0a9b6445e0b.png,P916H
52a32bc877fb9f3c6aa71d788bdb0b97f5c49c71.png,I6I5L
52da404493b4da825170fc5aa764b1768e183e72.png,0I69Q
53bd76368d570b55ac690cc6915389b2fe20075b.png,5G1SC
53c069ad18ff2bd346df1584257e2bb02046631f.png,OA7CS
5451489b89c5306745ee459e145937e80e646101.png,MM0BH
54623f001efefc50ce80e68e4d43eaed0560314b.png,9ADE2
547f887b6f0ba020e76e5a7873d4d43d35525868.png,1329P
54a4e5d5dcbcff7f96c382ef0898a14e0c74bc8c.png,LUT0Z
54da7e0ef8fb9e8d58e82e2f15b2b2b7821ff97b.png,I0GMP
54f603f99e79973f727e2e5334eb51c0da4bd790.png,CBNA2
54fbb7285bb39b881daa61f8ac64f0fe6204e424.png,5ISWD
5548fd63ca63b8d999d4159f76600bfa8acad927.png,OR7T2
559990b57e155a485f4c41d1a1782756e304f2ab.png,WQG2A
55e1820eff855be396d6a98bccd59b6fcd64b97f.png,NAMBN
561886e17f28352640107d1feadce24b22210d5f.png,9OVLX
5658cd08bd4f30a53dfed3fc1ba36a889bf10589.png,ICLCS
5686b7a0a334935cb27140bf7e9f8ae5062b2768.png,DA2IZ
56a495af9699ddc2faae776705c8047f59b7b035.png,IWOIZ
57a36bf03f88fa06db5eda4a87d216295de0440e.png,DG6VA
57db8fee5f1867e684d703eab1b3db182988e047.png,T2UE1
57f07bf35a082e283c5d187394a65d5a79a94cb6.png,9XHGI
58165facb72fbdf766d934cad3b8ebb7a74db0b2.png,2X9HU
58218a7e3878b5615823c1a477f88558dac7ced2.png,HCVMF
584fbf61e67461f95d0f12a618e5663e781440e6.png,13G4F
587d4779567bb978a83677bc491d5d83bf18ce22.png,6OJOQ
589898d847bfa62ed19b1d5ae4f21b673e5d7464.png,Y1HA4
58bf7bcce7a4a24500e3c6b4f0a710b4206e22d8.png,3IP5C
58ead03b0f66785c72ab6d894492f14b570e13ea.png,IAN2X
59150156af68bb30c75e54c529bd8453b9034a8d.png,FYE9Y
593091834ba02e3cfb98aa7fc64574afe9bf22ec.png,W2ON4
597c3b0b827c0572ea085a7b55c281041bf43dd2.png,0YVZE
59971cf22f4b9b324ab84a907c10f6177f6cf6a0.png,TOGE1
5a5884e9ea66debbe7a2d6dcb3e6acd81918e244.png,5K4WD
5b0890d6010ac486f4098962e95f5fdfd84a9d8d.png,JIJEN
5ba24a42130aaad0a7d5ed9fdcacff2a89d83c2f.png,B02VO
5bbb4d5544009f253383f919e1516be31e45fdfd.png,PDQVR
5d19b648814111f4e3fe2fbb7ee253a6738a1f58.png,MPI5V
5d870e12a7cc9dbfb7647be2645539132c4d73cc.png,AY3JD
5da8d6022e861375c088d306c4868f2f6d8a176f.png,LP6KT
5e0717bcfc401c3c555108b18c2a557889fb7e8a.png,IV2K3
5e0c744294c73b9593e2eb0040d97c7b89154641.png,HAF0A
5e10659d0c349acb58616065959a24c78ecd2922.png,M2HEL
5e3e211a63a1e012b840e8564b367b13f55817b5.png,CIDIW
5e7a6cade284f5a65fe9ac777a4636eeac57c491.png,4IQOL
5e84d261814786e5e9e2ae98cc2c5fd43e47b035.png,U9SKX
5e95bf76f54ab1419dc023bd2c42c09c63bcb9db.png,6JZZC
5e98c4571ff670b6eda721c85e169a1fad39dd7f.png,A9HPK
5eb94e162728f81298f4fb5acdce4b89bd0bdb3d.png,BP1VV
5f051efd84505d58b5e4848627725d66044eb106.png,KXYCC
5f60089ca4c4624f6be6eb486dca5fe99e976682.png,ZUAOC
5f79e5a480d8037e1df1ae6aa5bcbdbd54b0d687.png,ES3IW
5f8e396744764dc281ac8dd597029027dcb4a087.png,6QP6R
5ff70955b79c7c61e359902cb5787b3057c59a62.png,BD013
60138836917371e3fc1fd20af4e12218c32f1615.png,NSBNA
6065ff4fb96688aeefaf33db10f8d5f876aba906.png,2SQP2
606805a9396a5633d2930fbf86bd331c06be2945.png,DFHZO
612f861ff61f5948047ef2e5e56dad588a5f56ae.png,51P3I
6149fcffda275fcde421fa4678b439967bd573ce.png,CYQVC
614c67a9e1184794210bf5e63d6b4c514d9c42b0.png,QQE2P
6167a439b94d286776052b766838a3af8b6abd18.png,3Q0S7
616caef81a62d279e0bedd011beb689a207749e1.png,VTZ44
61941839e5bc838bc3f6f840b9bf6704e5401d89.png,30L9J
61bcd78c7e5591f89d4452d99eee239c7d75a827.png,8BHVV
61c72beedb2e7aafe22aa783cc8e6ae6f7c215d5.png,RFA8N
61d3ee8deea247d69193399eb6c2af93fa9f47f9.png,L1QMS
61f82931a831eadfc493cd2e89b69d817bd9d793.png,M6JM4
623b4423c24529f7366eb51cf38aa2f6ab5be7d2.png,P59CT
627e76e073e493a973e298ec3fd48f411f7b8550.png,U5VJQ
6295ec0f5ec5f2e772fe2538a340be85aed17201.png,AJQIO
632254d465eb3fc9234007d969850c3841da9ffb.png,09KOO
6325f9a0f73b942f313df2155bf9bf9276dac1dc.png,P0SWP
63582e0c81083eb7c60d105ee5bfafd910dea517.png,AK34C
6399cad1a6f8f4a4b7e88ed3cf7e15e9d971d8c1.png,KTIGJ
63cdbcdaccb6bcab8dd0fae92133ff37d7371321.png,4K2Q3
63d7e12223b2365f3265aa33bc04b1c075d45cd5.png,OFN7L
63f6656e32f20f0366c8e156eeddae4f03170f76.png,KA2FV
6468e3100c448d79bd30eb19b2adbce13c49bce3.png,6TCDR
648b893936e3232fc02d408af9de558c590cf1fe.png,PQQYH
64aefa283f42bdac5bd92b66cb6e09b0a97292c9.png,7UQGA
64c90f7f3c085cee355cddbebab33f24858bef4b.png,2OYKB
651a1b3170be4e28c06afee856a5f2ab072178f2.png,CI435
65b650f57cc3b1ed2b2fa2cc0a3dcac1b9468652.png,PMA36
65d790f85f0aa53c1656964677cfb86c37fb7463.png,XSXS2
65e29d284312dd2f2f80e0855a6365e1612317ec.png,6ALYT
65eb9dd853b0ad08cb66fdff090eb55c99f00275.png,FXBA1
6605ab06f0b6a155acb9c1a102b06d6ae1b6bf82.png,813AY
662fe09ca2d9997a0a591962fcee06e76df37442.png,WYU1Y
66a5c0e43e5a5f395b09a3721d27d8ecdb20c29e.png,QD1NT
66b51580f4546d2ee502786843727d7ae4d02f18.png,UKP4D
6718b68e0d6b4f925de11f83e681dade5450e20b.png,K6ZJP
6736285329b36501db1fdc2d54528b683ac55a1c.png,LLS67
6775caa85adc0dd3f4a4d08bdf61bebc49916aa2.png,OIBK2
6784b949d3452a16eff64a8a07e28ccb0a0c5e51.png,M418D
67ecd550c83a62832cfa0ec73e76632e8bd364ed.png,ZSLMO
6837e3833cf7e8871fab745293505d8ceedcffa0.png,CSEXX
684f4e30d68318d264b270c43566eff309d8edf2.png,Y9QJN
68c9e5214a4d6b85e7eb472be39658ae079cda77.png,2B8PB
68cabd56d5630f14b7ca20badcf86e7325808e59.png,K7Q83
693e10bfcc1fbf86675dc894285434862f049c58.png,8V922
695f7bc6f361c1307dd9017f8d6e4726221fb724.png,B3I06
697448aae5c1a49891373255bc835ff7249b4237.png,N8Q1X
699ddaa22e435e76a7e081679791bbbf7c1ad7a3.png,HWVHY
69eeef58065708732319d70b66e10791577eccb4.png,UBZ1O
69f92fd412926f823afdeb4d63eea2e609738fb8.png,CAKNY
69fe3543c72a759b39fc26d1f63b82e239317136.png,EJSCW
6a5d695ca9d5fe62032ea463785ef4e24d4ce60d.png,M72AW
6acc03eb0a28e5f36ff1ed89e254d63d185c4138.png,DVXE9
6bda51b26f415ff0267ad95592a79a26aa1604d9.png,QJLJF
6be355babef4465222b405cf0dcab20a94fed59a.png,P84DK
6c4a118c4a458c2c340bf4da60d1a3dab9dcbb2a.png,ZPCXR
6c6c6803dd9e73c1bf4bfb68ed62e82114014385.png,R15FM
6c8e4df266ebe56997cc2b7dc9bd3f9a44ae0436.png,7YL8H
6cc6ec3599f6c3d0005340c7a692e38d602a0c42.png,4OB1R
6ced4c63f0e97a0fa9dd0dd3a381fca2c1642f46.png,3C3NC
6d3c5a870387d7dedbcdb372cf833c63890f6ad7.png,MDO3R
6d43bc0f484d32ce643e6741ec506cd463902eff.png,RO470
6d7c25f8d2aa7a792588c5de15e6fcebf7e7de4d.png,P2FWT
6d8d63dffbe9638bfd19fa660ebc26fe3477cce5.png,DXGU2
6db7706218e823ce74a9266d6c0a2e98909523e3.png,Z202H
6dfb03928dd995d0597fc51013ffb10d062a2689.png,9X98T
6e34486020cf0667d619acdc91fe362cc4777dcc.png,DZCZI
6e5180d3d632aa8a5dac3bffe3c5966d1cf4241a.png,XSBBN
6ebf1621beaf544b0d765dc58d565b6bdf5e83f8.png,FX43N
6f13f0065c12702eb7b96495a864c6de14d62c16.png,HO1F4
6f251da1c55320fa1fc054dd95c50957e1d8cd16.png,5B803
6f2e91d50d7034c9e4f1888a92daf7d2af88f04e.png,KOSRX
703fac00ac3afeb6d1ec535e54ffa7200045b368.png,95H8N
7080bbec60c5563f3f405b57699e274f634b9874.png,KYZKO
708ef661270adf6f510fb27da8e95ac1a0416bb8.png,T9CBM
70e455951fe60e2191466a3d4a4cffeac5f4c127.png,SZGP7
70f32020ec59b73f03d9c2830420e9ef11152ce8.png,RIU2I
70f5f4b598ff00fb2584d4ff9252f522fffb4fc6.png,RI47Z
710ea57bf111472d4407a099ab0a125f6df66b96.png,Q8AX5
7170bb8302390780e330e38be3888e19cf1a9bff.png,KXP60
71d9a19a9c65da7cec51997624bbdfcfc2442cae.png,Z8MLH
71eea535275b6cf9e679d2397a0f85b5b68100d5.png,U9SIG
7233c4a0493ff5e69bd530b43136341bbcdc216d.png,I9KBG
726da25d0d182096fbb1fcffb9661f47294b3694.png,RA39M
72d1c16ea4fe8994dd348a11528081657bd4413e.png,SOVDU
731374cb059213c39ac375e3cac696288093b57a.png,SGOIU
734327f23b1be95855ac3fde1cd47b0bf549b3b6.png,HKK4P
7351b1a5ee757320ff60510c5a47c51aaf27b713.png,DAP8V
7353081d9ee521b98c45f1452e6bdad79be56076.png,ZEF76
735ea9124d1ae5dca1f31c981b2ff446b7293d4e.png,VAO63
73667149feb72f5e928e0f8c1ef5d9ffdb3db2d7.png,5UIJW
73c2ed411fb85aa1a1f4c9cebd65427c4a6be256.png,J06U5
73db524b3d978d646b117d98c62ec3f0327b8d5b.png,AQQSX
73e0aa92b2de44b90ad2c97a7c451be9c8137b5e.png,5ZQW0
73fdfb15115c6f4178459d82013185573741ac36.png,54QUW
741c35f402a449093971087dab117d7b77035b34.png,VBLLV
7468dd1377642aa3177f038eb12671d0b53e3414.png,CUUI6
74a614fe2bd48a1e22e6e4349cf84583b73ba45d.png,PGXN2
74d9cbb13905cab85c713d5551ee1acfcfcf0898.png,FD7NA
752790d27f65ff349c8fc8ea36eebf1a6dd074da.png,HAUF3
753365b69fc1225e6e6d5c42a6c34d7612f66bef.png,D5L3E
762db0c04ea33cfb68e462a2854d5c854db4b550.png,J6HJC
7635a563855bf0226b89c10a9213556ef449b15a.png,L0WYX
76a07f4ad63df55aa2e8aae5c8263be01b1ab0d6.png,LRPSW
7705df229e13a9bbfec723022635ba690a82e0b1.png,UJFXM
7789d6157008870cd044d3ce92358a20b6ae1f34.png,JE84L
778d87212a8bf861dbaf91841f9139e315362834.png,VA17E
779070c641dec56e65dc15c181ebab5983ec14d8.png,J7N3O
78080f0160cccd3be32eeff3f96c07437fba9911.png,DQ8NF
780bfbe955accbd2a30e319d0b6dfcae206a8d0e.png,Y6P0Q
78132cc8f274a0040f261b484eb5862b4c560cf4.png,G7KSS
78908eb1d2d9f0ae4dc5e65a15d06ea00b08cb8f.png,O34D7
79695db7ec93995591f67d1ecac77e656def2c9e.png,YY3U0
79712889d46ebb40c077cbc0ca2c9e1687698cdc.png,6Q0MC
7976e3a1759f410c45d3b6fddf1b670f375fe385.png,UDA6D
798ff0e1de90b5f6ecd220927e2e98c231528e92.png,GTVJZ
79eedbb92193c960aebc24f0eadcec7814eabc5f.png,313H7
7a5158d0bfb2c77a072a21e4a3b4aa61a33ec89c.png,UAVJ3
7a65fb5f7dfd7f0b4026702e20f258907ddedcc0.png,J36GZ
7a842f303d646e67e0de278f22a6847677d7aee2.png,01OT5
7aacad4bd3939bbc6f3bab3ac02412f343aee169.png,LF0A3
7abeec9522e40e29193ef129b1183d43082ed4b8.png,60CTY
7b0fc9afbad7be96db1af603ba399229ae70c8b2.png,8ZVXN
7c129a28fc466e933a1e1fcbc447c5502b26bb48.png,KSY3U
7c641e88cee1c366965e366ad9aa5bbca11d9513.png,RSG5R
7c95e05c66be3df89aa31ee0d4466d9e2387ce4d.png,IVTS6
7c9c1e7596345933a8133a2a98dcd989222211c2.png,N1CRC
7cebeea2f5691d8eca5412fe8d76b6285ee97e17.png,ZD0GZ
7cf957e2e3f3f4c8f8c5d942f9f18ad1902d9fae.png,13DSB
7d794204ea3517209101ab00972389ff89889da2.png,7L4V7
7dadd87ec28fd147356b15f86162a93f9b0402dc.png,KTHDN
7e16aedaedde1da4d37d94866cfdf75929d95b47.png,J92DM
7e2ad160fa1279d8c8ba62d0d4a9a5f625d994fa.png,TAD1J
7e660b9dc99f073d0850fed6ebf8605eda833455.png,7WNQQ
7f4135cccb153e31b3dd195b2ec6ba5e087c379c.png,8PWN5
7fc9105b4cb7a9c82bf77b40cee03dffe4ec846c.png,IQXN4
7fd1033d3bf0c4ae71c832eb9763bc46fb2f9841.png,AH86V
7fee94d6d114cad941abd246b7d5bf0518d54083.png,HETTW
803954ac47c20566f90c7d39227046cdcda2f903.png,OGEK3
8092aea36021cb7946a0e3a40219a164ae04f784.png,HNQ6M
80b0efa42567717a046da94fbc8743db0c8813cb.png,NCNUB
813a6bd40406dac54e60683263025de1938c5c39.png,MD3WP
818f15a2c76e1d561a1580be305c59429abdf7aa.png,GRAG7
826c2a25c4e299db2b406ed28666805acd5b2c6c.png,0J0WF
8270fb2c1a697b7c9ab8c1363ff9d9689d965d27.png,UHWQL
82b7d3e4a5f6fb238c46281c6497f5a9154397a4.png,AZL1N
82d5f04ae77f5702c6895e39d74064eed8b84d83.png,VSYPA
82d66b109c51cd9caa7bf597fd89c63127d02c7d.png,IURQZ
82f6a4c44261bc914d75932875a3b44382dad938.png,654AK
82fde2bc42acef7d8cce4df6be0b9af62012ccfb.png,LYXM9
831b8320aa1f582e945d530ddea42ed4245d3d32.png,A35N9
8401d8283a4f0a377b6f310cdebb8f78c1842378.png,66INF
8417992b2cef35debbc7c4b8b33cb163a63d71fb.png,C8Z5A
85249caf16f62455ed32285b357c4ddd503448f1.png,W98UT
85775c6c186f9cab6237a63eff970b5670b26c34.png,N3HCR
864b558a4db56ff27f038ea03a373742228db4d1.png,R36U6
873e803459d644f2c1e727b93e63987944ef7dd4.png,MIJMJ
8743a5d4e60c5889450dedf39262bee048651bdc.png,BAVOX
8768cbf32059e727c31602409b5113db3162d408.png,2R0XJ
8826a234ddbb476a50f4849fa8d51bb156742dc7.png,BYAVJ
886f6650a4545dc32685ac870a8f302c1e89b203.png,4ZXQK
888fce56281e66f96fa5a46a89c1e15d3886484c.png,943S5
88c18551b662d9580d75d4a50f4c13e9f05c40b8.png,6MJMK
8a8750bf942efa4e9aed92968e0722c8ebbdbdba.png,R3NRZ
8a9886957b0f461edb4532c9795ec65794d93d08.png,12P6A
8ad257ff2a3b1d42578368f9c8157cdb58814ade.png,CKC0X
8b6102964a995367fb717000004b303bd4df7092.png,7FSVT
8b7d370025e0a5837a049f2b8c6bbfeecbfd4272.png,Z3TVN
8ba835d7e18d5969f1f3e184aa84f2868445fa51.png,66X1E
8c3baefa24045464797be37db7840cd3522eac74.png,KUPNL
8cbc0e681aa3c92172824c10279b64a0456b54e8.png,G3NF4
8cee7693d9517b1c75027bd62efb1afc71b18ac3.png,DY4WU
8d252de788b1fafb5c4ce2e72d1bba5ba03c25d1.png,NILVP
8d2a57c26b6e316cdde2872c08f56d18b72209b5.png,O331D
8d40d1454e68a0e76abbe261a94309ac742abd9a.png,V2PD0
8d61a2306d52419ca5065d82394dcd033033eba7.png,FQ6QK
8d6a6092ff382e0529d725d09db0640f9e43d294.png,LDHZ5
8dbd689515e860d711e1af3edef26065d5e74219.png,RK0RX
8ec71a81fd436d7cc854ce9d8eb59f6c5f683700.png,IVTW5
8ee57233d76ca03949d05613f0c5ffe7322e1893.png,P0A24
8ee92bf11eb4848b1793075be5a24f9747751054.png,4JACS
8f4944b71f90088acfb4ea11ebee63fddf9a3258.png,FE7AF
8fa42ef0404fe1acde4b72459faf9b661ca87c48.png,97MI6
8fad3b7c532779a1b62cf0a901316e093129cf5b.png,L6RG1
8fba6f2af894317172d5ab970becd42e87f0cd78.png,MKAYY
8fbe5312d90773ab863cceb9b9d12478224c7d54.png,22TVB
90181c877eaea36b8e3717ef4fb190fa5f99d70a.png,U7TI7
9018d3ed273b47d97fad412c028dd0c052344063.png,OLSQD
90464ce786b09e8b1b524e03ecbaaa5c9c50e23f.png,BI31R
907ec8e8d996af915facdad49c3f733a6f39a7f7.png,UEN77
910a633114fcdd49ed644c3a737d35c58ae839a5.png,6DDY4
9126f9da4b2b5a0bfa841aa4e572e963ae183285.png,D5SA8
91521948e29f814b146745b44cdbfadb6a079da3.png,WBG73
9216cc91d41d5e258992a23f3cbfc3ff3d73b1cb.png,LLL4A
92568a5de0bf6eb895dba9f2fb76a3641e1366dc.png,86TF0
92866277f1d8823bf8cd2fd6b1b054f3590fa16a.png,3QA8Q
932015a837ade78a633f9b2813f2cfad82d69431.png,ZA1LZ
934057ecb6bfddaa848a8f8af2d0ab1c50f51afb.png,4Y9LE
935c5adaf7a18b738daf3913241556f9ece12aec.png,79VEO
939b2e24cae28c2c32689d7ce4add7ee216019e5.png,SH3Q7
93b53f0a9bef21aaf05c831ebb560c953eae23f2.png,2NDTI
93c99c9195e743eae202e5e6975f5ba91a46e054.png,WSLZF
93fd5327886ed17e88a57597a9ac5fab4f757bb4.png,C588V
93ff4b39f3c15186d066c7831f4eb91908df6cb5.png,NYHFL
944a619df8794e9fd17d716d58c7bf4178377a59.png,WDVGI
9465a5d7ac8e686b6b45c650f6c9a3b025d78ad1.png,REWD6
9524cfef1331696858bb52dcc6776aa149709958.png,VW9AA
95eb6479afb027715c31a56a30a280f5ade92d01.png,8XD4Y
961a2e67c485b4ce18d910bc7f7981991f6e634e.png,WJDJQ
962384117ce114e8407a97fb04eeb2784979ba13.png,H7N9N
9705e758a2adceed8036ec71599b44c8e967699b.png,ACVZ1
972a7d0ca598be3c2e0d659ee88612eb7d008d24.png,7UGCV
979e8b7c83efae3257cafac872c5b83c1e3a7caa.png,J3UP3
97beb446e891767cd75b0d0872562e5374eed82d.png,TKWTI
97ca5c89191fd934e4b448e47ef2b49ed6ca5300.png,4JIFS
98041687ff187e780465d60a85e6fca9d820a43a.png,JJ0HY
9816ca5bfb8b598e03d0b9bfb60ffaf69a238d54.png,SMDAH
9864761fd0643be6d5ce848f330d9222fbccbb4b.png,ZNH2V
9896460098bcd3dd55c1e5b60b4929312c1bd53e.png,WRUKP
98dfee6de417797e33921a9805379948573d2615.png,WRAND
98ec1b65ab251bd4ad3ab37bdc1053c6f0a9115b.png,PXYRL
994ffcc1aea9f5ad4588fa6097dde17b67589eec.png,J1XQ0
9957428d30bd8fce350c465229ce25351adfb858.png,XT15K
997d22be6a2fa5de6b9b9a418fd14d48b3520fab.png,BFNTK
9986150c1875f0767ff18dcea4f0e370852e6143.png,ETIR9
99aa6d85d835a24ea9b4e812785e1d7f2d448d59.png,EQR3C
9a67915a06c07e1f9f608facbe4dd16cef48822a.png,PX9GT
9a777b381e83523cb7800da33febe886bd471857.png,VW8BR
9aedf8e8c5e8a4ac1a5cf6125cf9b345dd3f74c0.png,WVEY0
9b2fbbad365c5a95db2e634a88c86e2bd08a33b6.png,QKGJH
9b786c7a125f6272f15434c56fd1952570fb09c6.png,N0ACO
9c1ac5521111d2ad9fa10ee33662a5b3304b3788.png,S3EYK
9c443b323f130534e8cde4a939656ecb29cb3c84.png,1OL65
9c6b7f80826217dd1b6c1a12f868085f8176edd5.png,ZNBSF
9d3c085b9321cd659d00606bfec6a86db6ce9a9b.png,BZWQ8
9d47df946802865ab299acb1b478e10f06c5fde9.png,8KCLD
9daed1479f8efb639248aaed77e8526df922bf4b.png,GQTV4
9db7dca5974c4914a5adc1564ff777b68009b7b9.png,5NQY0
9dbca53408848efb4c1c33fa18594927a1f78463.png,Q91WJ
9dfe9a13a7679c8552d02450fad443b41fefea36.png,B23J6
9ebd242e46433da539f363cba25778158a818057.png,AXWJV
9ec74966d33556780e8147f350a24f15ce58ddd2.png,XS5VZ
9eda1028ef61332de05cf4658f78e0522a4617d5.png,4Z7CP
9ee3ea3b8150b12b9e71d8d36bb51ea9ef693958.png,N1SVQ
9f1c1fd7c09ee3479ef8aa230a8750f09ef92e9c.png,EVW6Z
9f27fd9b9be4eeefa203b4ee0a4a2d7c0f1f79a4.png,TERPC
9f951f74bb28f9e3859a58fbce36cf03abb8621c.png,1TGYN
9ff4fc70a996ba71c74509f9e97e9eaddc3d8b70.png,NXW95
a0358b86f6679768786e60ed237efa7f53011263.png,NNBYP
a03f7fa3738d06808497e3669410a23c3cdba4aa.png,SJKB9
a1284292687c5ec56cdfc2ec76f4b25e955c80c2.png,6C1AD
a15b9585c4279324669d6a83de130793f8888204.png,91GXQ
a19aecc62b338e462dab192ebce7961d24650dcb.png,02VZB
a1a6728985ab4acfa5146c2b5de9099c89f2b37e.png,90TOD
a1c76cb9e1a55de11784ca83adc661bea08be323.png,4CCEI
a318432609072784ffc2176cf01a99f210f8926e.png,IPLHR
a32bb2a73484bc899242356f7e31e149ddf69106.png,J0011
a3c501a0e249709d6754045c5abb5a38f8944d54.png,JSVKC
a3ddfe9b1b40cd54f9517fc35f713da98c306e6d.png,YN1FN
a43e2bbbfd2223146645ee161b447b1eff2cf66f.png,D63BP
a457799b4f6dd64bf067a917f833677b121a29c2.png,O0TZP
a47313218b19cf8a99af123d49afdb29f27a1688.png,6CT8L
a47edd1cb511b41d6e2842e84c440b5971d8bf97.png,IJ3W3
a49cd2d6943f000f6de8120b660a67eeb9a5061d.png,PCGJ7
a5212d1da2c55e5a0010cae6e8c01412186246ea.png,SNN10
a54ca50665abf427a0e5b671a40e6e809a28ab1f.png,BIMKJ
a551f23b626c1adea1d7026f472c2128cb500ebc.png,9MXQY
a570866976db917ffff06c04eff7b8a80b4630a0.png,795DI
a5720181101f8ead9274723637d5e5e44d29fb21.png,FCS35
a5e612c268c19e1b7da9bb0613e38cff9dec4e40.png,C0UNY
a5ffa6f57e00563b12852298c4852c9f05181775.png,660JZ
a6e23876424c57f68fbb594c011d05674b9a492d.png,QWO6U
a7094b777b87c23ced45a1f07a69d032d351b337.png,J7KYQ
a72df3766d84f8a4957924b027519b841ac23a54.png,I1PON
a741c3b495f0d80a7fd8f2580185e1d7775d5b49.png,U8PZM
a74d43ece217a12891462eee203b1224acc7c548.png,5HE0E
a77438c10b4f2b9bff469d136c24650956073578.png,HXOSL
a796c4869beb0ab6a3c768034ef972a0b7fad973.png,82H2P
a7cb8b569c133bd36ed6f244adba348a6548b295.png,REKB3
a81df1b5669ea179fa1306dc7153a9e032a8f635.png,46U4R
a8e465845f9bd553ec861d026cc6ed4ed2931c10.png,EEU7Z
a97233ca3bed97bd7881fe5d68ff4fdfcc8da1fa.png,Q0FTR
a9bf498bda26e6d249617e817c9d4e69f01948a4.png,L453D
aa7c1987c360f1f5fbd6db6ea77b77be7efa22f3.png,VZVMR
aaa563bff44f610175ed5459de38a0001795a25b.png,EF6FN
ab2c003bafe229ba2208c8bafe737acd1150be52.png,H6A8E
abb1e2107ff2ffb3b4ed33d63fd67fbffea2d382.png,Y8BPY
abd8d2c9fc61222bae7404ae3bc3af6bc630df87.png,GY8EZ
ac02036329919981a65e1897048d4654f3b4d02c.png,U7MDJ
ac164a0b7ecd02efa876d02b598fa2c38f86e818.png,RTCW7
ac79bc295f7e24c88994abd170b8cff1fb442c4e.png,ER0ST
acf567f5012bf38ba3ec6e34704d8130c21cab57.png,BISUB
ad046520a9831daf91a47aa7ba592601fac206e1.png,OF4QA
ad0be8c989d5ca00f7efeebfdf588ce2d1b9deea.png,632VQ
ad3c0ce9fe5246400d3a0e31078ecccb35837e64.png,8CU3O
ad4642a04dcb007ce094b6af25fad87808a747c0.png,EAJB5
ad550f4086ba06942918555c827f9143d3eb0819.png,ZP5PM
ad665e06a4b1913b0cfa242c727d524aa3748af9.png,DJEES
ad6c1415803812636fdce4aa5585a959e571999b.png,4PPAR
ad7f7eb41e75cc4bf225da291fe7e0cefe7d38c5.png,HNMZJ
ad8a2be388473a195956ef2a4b5943d9b3de67d1.png,6GLWR
ae0532d7220b07498ea1b8c8f9e32974a4049abc.png,NNAVN
ae862dd82bcdb164413c09841e5dd6802f8da048.png,LBOCE
ae866f8caf4ae764f63a97da87050792dffbb4b6.png,YZ9H1
ae8de867999a6215a0de878b0d611da61f7c6910.png,X9N9J
aededfad53d312557a7ed81c76f32982aa7ad826.png,07R8V
aefd85e8d14055cfe4b7789599d4051f5c595e54.png,GNEWC
afa87a85f1e1b9d678f88b6252044b1a6d7426a1.png,L6A9E
b01c37a3c15cc7c99be4deddf4a786d1424678b3.png,RH78G
b01c96dfe7640a04b6c70d81d8c24cf2e963c3b6.png,JJI1Z
b082f45ca69d2a1316389760d3bd18a81cd45edb.png,EVTC3
b0c37082857616fef63a039b84da02575e353fc2.png,MBFUT
b116b5a79581174c5844ae812218674696edc5e1.png,EWIAM
b15568727e3056e0ad125a53c3ec9658a072bca9.png,POAII
b18dd12c9439b4ad3c3642ef5924ba9877052d15.png,29GGW
b1941ad60fe7eb2e1b38b9d16faaa367450ada97.png,346K1
b1c9419e6ac19c27fe894346db41439937dc7064.png,CQHW4
b1f26e9c1813702d1d672b72704a56f95a629fd0.png,AHTR6
b256d0eecfb798a146e5bae4af6a9e981f0250b0.png,Q6R2H
b2693aa160b051fa6483e61752cc3de155c2fbba.png,XRQHY
b2acb616b4e2b8f1fe54a0c7d307cc2dab7afe04.png,PIN9J
b2d3055a542e88b178dedda0895ba5426325b6fc.png,QBLU9
b32ade0f8f9c8a2d17731c31c90b32ccded26b15.png,972IC
b3c423a36d77516e5e63d8d50b81d7f6931bdcbc.png,XDMZW
b415ae27cfdfc6f1dcbb6cb47da76c4438a6f847.png,GMUWM
b434d58b6f49369b047de6593957309d402f284b.png,2QPV0
b4baa27c3ad9d8cea483a21eee443c35d1668ffc.png,7CJSV
b4d9aa1b47b097d526e3b635749f4aa8e0e27a12.png,VPNNQ
b4ed84538d4cfea3b5934dc90ab7efc7bf4be59a.png,6LZ3Q
b4ffb186f4825d4584bba05e43433bf29e6d5397.png,KMJYD
b51678f4328f777cb4aea3bf05ecd274fdb03ca4.png,SA0K7
b574b734ce1877263020b4071173fec738c24a45.png,I9PD3
b66b3501ee472f215de5da5a22d3cba7a0f06da3.png,CDLLP
b68d6e3321ed70a3da55cd14e4bbf8a86ed55014.png,KIM7Z
b699ea5b6be3de3f014b0a80a508a16f0ef60d33.png,2S83O
b6d86493ee7771347818c0bb4a4ec2da56467f73.png,O8PUN
b6f4943672c216bc1bbe4f7f3891265154344d8e.png,3RWJ1
b7130d47ca39ed480343537589bb7fea25c06df9.png,TY2Y4
b747c2a12d58187a7f58b3660d9cdcd89bcee74e.png,NVOH0
b76b2a87de08106c190588ea873d280c4098fc51.png,CCA6I
b79cd755d06c1460ded7f903acbda347aca80d77.png,WLMDR
b7afd17022f069f726a5497b763580f1e24e4d1c.png,QQEW3
b7dfdb5d7f59ba58c1da69b75c6a1649f4e18fb7.png,O6ANV
b8057c70ce8ee61a7aa0e0718d0335ea95900db9.png,X0QKW
b87da845ecc79009793711f2d30bfac5c02d892b.png,IF0RC
b896cd3a9cd42d51f625acd2b345fa245632a7e5.png,T0FYV
b9e50ffb6410beee80489e088bb4e478f28980ce.png,GA1T6
ba770585158a9e7dd3bd5232e28e3d49b715d9e9.png,JR8BJ
ba7a070e19416987c9009e0d4f84c6491a180b23.png,YO60A
ba871097a79b750c19824f71138956bb45224731.png,40PFQ
bbc2e1823bcefa66ca19d6194032e51b32a77de8.png,2SLOV
bc4e75a697e3f2934ca14c22b4a65f19d7b3a1fe.png,64ZHL
bcb08f992cae5c1840721e40f76d9857c83f75cc.png,5M0T6
bcc31d20b28c005b7583e90c71d4d1ca1d883f29.png,RUZ7T
bd353a7eff646f21ee486f415ee6e7674681cfde.png,B8FK6
bd45a11499c9e5b2efcea47cbbfa3fd6e3d8d922.png,OTRJG
bda2db861093fee2fdcff9326625eddb739804a9.png,W6NQ3
bdba4e69e2c4439ba3a62f3d894f88abe566700a.png,B3ORK
bdd5a19b8d62cf63654f6d616612c677a5827718.png,RPXOF
be2211621d37e4f76c9e736cb52427c086ed0e26.png,PDWXO
be3b2646f3b017598eb15fb7eae9f48211f73f3a.png,XTDP2
be594f1c7391ec4066fca812747fb2caa348ae07.png,EB62K
bedebe32dd05959824375e49fe2eec07c14dd8d0.png,3Z9NJ
bf570e73fe4c4a06394f99e372b44fda526e0029.png,J468Y
bf57f95fac690367871e591c0108fcf1104db433.png,0DULI
c00f45f5c8e08258783f5f8945c2b87d5497f03b.png,US6ID
c01a33fca853993c14c27a3cba7e1b3a9a5ecf34.png,4THHK
c0352f05368539cb75133cfb53382c8ae1c57230.png,GEPL8
c06d2c0c85f9d4e941778b912058c58ed0baedd2.png,X4IJ1
c09b376874f7ffcf41b2147224a4fa3b8b4321c6.png,VSER6
c0dfe67cc92dd0bd2c864b93992a306282578f81.png,KG40I
c100c5a6cef53d867361585db5284588145ea7e8.png,JEUAE
c1426bd15c3ded8dea7936f6c1ba3f705b6873f2.png,VEYHO
c18b50de1a89d12f87e40a628f783e5bc8b0edbb.png,OOEDM
c24e5a97970fce6beaa38595e4b4f8edac65b832.png,9BQJL
c415b4cf4ee365dfab60befeb93e37003ab467ca.png,2P1CA
c42a78fcbe4c8d6acc65d81f73a3ede4c4780b53.png,TG962
c44ba4f61263bcaca3ce0513de48dd9f50a82dd3.png,56KTY
c44df6e3af3e99d7e671ed02e6bf5c16f1c8c759.png,K6HHD
c4502a51b63e9fceb577456a700f676e7cf9d14f.png,NWR5X
c47640bb94ff66533ad9c93c85169c52f5065d81.png,8Q5G8
c584dcf35cfff7462c832ff7caf6070bc991cb28.png,N5JVQ
c5afaab4321e825adf28d77e84027e1a8173853d.png,OZPQP
c61e78414e4bb75e4fbae7db2a07b4e56ef5512a.png,LO7XM
c64734384d4d402275a3924e35c3237af95c070d.png,QN2KR
c6675adbf5bdd4f6b066c78bf1bda6e327e2caa7.png,6B3RU
c67c4dafd48d929df02da20aec7b221f2f5bc17a.png,25GIN
c6d6487d5793a4deef6bd3f358c06d6c71b63ba2.png,CF9WG
c7575d0113f8494eb9d3147a7673793495299d0b.png,SUUKD
c76eccf38b0ec0c0c6bf7965247e4bc078677137.png,AW05M
c77379dc05f388a63177417c3b46d2f8837252eb.png,ILDVF
c7ac5fd0b02ef12c0537dececa537731d342e42e.png,RAN1T
c7c1cab98c16d8c2d3fb75f9bdf6cd0d3bf3a114.png,NM145
c8524a89ab0285870c388ccb08b66da3f6cfd18c.png,AJAK6
c8c11730f8271443bba49050814b99c201f7d36d.png,51ECR
c8f6a7a0756175581e87be7db83f0c794c677c4e.png,ECHGX
c924020b8f8c50f09db8fa1e2abe24a0483aaf44.png,54RG2
ca10ac1d9efed00f19239f8ede65e41ef6110da3.png,NGWKC
ca1a7f3dbfd807b5f0bff39bb81944216878d9a1.png,VXIDD
ca37584dd540d8af4e4579a85cb13dc3cfcc5ebc.png,7KPCQ
ca3d7f718fd23c0b42cba9228de0edbd3008e5fd.png,2RS90
ca942de9c3435c197b1b60a98530779cb270460c.png,Z1XMC
cb516cfca984564f535dadb6aa0d9c89ace64923.png,GLYMA
cb6e4649e7c13e9e0cbd38cbb096540671661398.png,L5QTZ
cb978cf7f6c55a4862f1064aeaa51b3b5941f8e2.png,VC9F3
cb9cc54330fdd99182236c09ab0e7fa057a49471.png,N1AME
cbbc925a50da505a1a1f6b86a7c46917a3505608.png,J7594
cbedc230a7e2c56043fec9f26be73e55dce76448.png,LFGZ5
cc1d9a664923d14e6e56a50f057fcdb3d6367ede.png,224K2
cc6db22126657b4901f60a08e0853dda9ef9a8a3.png,XPMFH
ccd5344db410ea2df40484d82e62ee3e26d59a22.png,S2KKJ
ccf90af9d7b9285fbd3b1cbc144524d31ea19c4c.png,2LWSS
cd0db40e1e73ede9c51eb565657aa6bf84ff80d1.png,Q0ZQW
cd6b68592144bb861b683d897d8a5aeaafb7a462.png,OCFJ6
cd86f9de2dfd35be96079bf5ee6a03957c6b7a2b.png,4ULY8
cdb96648083183e05445f8ed3e249b4b2545f1bc.png,ZTQQY
cdbed1d3c343bfe7388ec0447d0d3600965f647b.png,BS7AQ
cde465e2b8632feff6c8cc8c506cc4e58529eb5e.png,KRHU9
ce25c6543151733cd728045e5d2fb31ad1a07528.png,WGI9Q
ce3f33b0b2d35d5168cf574c83e1ed6bda0daeb9.png,OJFEA
ce4f2c37807bc0f76c785e84f6d78684e7c11ee7.png,9JA1T
ce831c907233cab19a6ad6676d322e0f2b27d5b6.png,B40ZQ
cf2acd70bca91ad0457f2e8939a3377d9ee5114f.png,IOG8J
cf3bed391b1f134f2528c6a4137c9bf03684ceeb.png,4AY07
d01f4939b566259918c7efd23f9f958ef8445f41.png,IVBY7
d06be07acca10260f945ab51a17a25c9464882ff.png,M7V47
d0722c798b6ff3e035c09154a3c392e430e910f3.png,SUGEM
d0871e8f8e197a44980e3f7d1f07d58d31c871d1.png,1P7DP
d0a679edfbccdf04b7e6a0f8b9a25ae72181127d.png,9YRTS
d0db2530182fc943ec4da99a2198770b324e775f.png,3N6IY
d225b83f608b9709c4e35e53329c5731115ff785.png,58SOT
d24c94afc80b6e4fc078ed3e03666e508148b890.png,SGZFY
d33905be50a1dae950ac3469e69b749c5253eadf.png,DHUSQ
d35f7de0672492f1772fba3babaedcad85165dfe.png,NZWMH
d4244777937370644e9827ec65dfeb546b8a47e3.png,4M7R8
d49cce8db2874b37555310567df4ae9b7cd5c539.png,KWIQN
d4f0042f4dac7c87e92290229c16312510c26810.png,25Z0T
d53762e7f4781dc3c5f7e28a4c9b179488d43399.png,NKPUM
d548b2f9ec4aaa9b9766fc8c9f174841c7649c3b.png,L8SBB
d56104a3524e7d0d1f83a64e3365f8757363e74c.png,5D2PJ
d56c87f73ae172974eb5c1092bbc19757c2d1029.png,ZXX7S
d572783d04c8564e36a5cfce86bfcaa5d943389d.png,TH6EY
d5c72dc7b89c7ba4eb5986fbaa6eec9bd5b9c268.png,7X5YL
d5cbf7c6279ba29aa6f670d9d5801be4e4ebbea5.png,JE3OQ
d5eaa45e8f058a23e4eeff48604065f058cadd31.png,CNKEE
d5f11099240066c22c4171bd6fa496f56b773fe3.png,TMEJZ
d5fd16b18df722ac64d9fdf4178feab7c2f71cf9.png,7M82E
d6598b25640c81ee65b073173faa6c9a6108e4da.png,42KFR
d66c76c5f51bec66060ac2b8a6a4a5911d79e1cf.png,GNAK3
d686873a522d72f493a36ea886f3e67b3595b2e9.png,9KNB6
d699eebf4831bba12129f015f4399d98fbaac61d.png,TTXDN
d6d81bc89f61fae16a7f5a90da7e8adaa1aafbee.png,GR6DW
d6eda7d21fe78685c3678c63f80b55fac7e2745c.png,OWB7A
d73ff863eb7cbd55589eb7d315a7ad815bf70d7a.png,5MVAB
d74f1140026f6b5390c64cc7a3472d8bb8ec94b1.png,FL0HX
d7730673037e4debf6906ba412be540fbb486eb4.png,3SE7R
d85b18ab127c87ff0a2c90f7dd3023dd5b9bf0ea.png,G9TET
d85f489cd883318121ba287d34aae85444eab46f.png,R8YMN
d867b28c17c95f71270754f3349a233a710f016d.png,R4P25
d8f5c8c58f4fc32b773922f01f4bbc75c1eac6ce.png,T549S
d95cc0e8b3655635a99ddbd826b00bf05417adb1.png,S163R
d96760ae2f7ce714c171cd8b0ef3d334e758d3b6.png,M0MKY
d9b959c4a3d71fe2eb99ef8e60d03d22bd619e0c.png,BKYIT
d9f4c0e034a36bdfed6366e47ced093762880436.png,DPFXS
da19e6fae9d1c44d24e0a98ac67663c9d8c5dee0.png,FK3Y8
da7367ba161598ff79cedb342af7e566ad38583e.png,PZPQ7
da9fc7e9e25f6ff4996808b427a408f6ffeefc46.png,2Z0HN
dacf017cdae4617ceb16a199936afcb6549acea6.png,SO4NI
db0c11bce31e078e25065cdf825a33f9cbed6007.png,AGJ5L
db18c1a42111845e17a17c2c3c8c0d1cdf178686.png,CLXHG
db715b007633bc2a44e66c46f20e361f00db1818.png,JJH6M
db9434de0528eef704e754a00055e267f0f6fc52.png,VJE4A
dbb0a08bee4d4158db15d9a2be96f638af8d14e1.png,QTN9U
dbe861393d55478036dc77d30179116de83575cf.png,E6N8T
dc0c92d830ad373b3840c0414fcb07d8f6d35900.png,CZRHG
dc79726a89215191732b7818f7fefa43bc57480c.png,SOLVV
dcc6bc845981a65461dc368e1e6e8d1394049b4f.png,616DK
dcc6bec08ec6af8c017555fde16edf6a63590f89.png,9WH77
dce57772d96bb63682d16c3ce93230627dd72cc5.png,TMCN0
dce8111b7c6d068ac97d7d27c0c9a2a15db4e2c5.png,YN1B5
dcf9f0218d049aa382929b0c9aa33970fbc7fbf9.png,PY98H
dd30473ade1dac82bb19b6efede58ebda1137930.png,7N3IR
dd5aac0ef31527d934a4f6d15a4027e417482227.png,7615Z
dd89fb46db121893391fcfc122250036fa3e5ee9.png,Q629B
dd99136215d4b1785cd6da0ed60a35f1027521be.png,EZO8W
dda482751f36e8e7923c57307211e2e1ed6592fe.png,YIT0X
ddc2197a6caca95bdda482716d343f973261a7dd.png,RCFR1
de94e89c243e04f5f30303e107e0f076d7b018a6.png,DR6BC
df4439bdec1ffa088ae734ef3ebb116f684d276d.png,871ZT
df746ecd0edd890f69d6b69026621ce6590b9f58.png,1XUMG
df8e3015574142df4dc21e4588f74beedca17db9.png,7BJ67
dfa5b94005461557e9b903f55a2f23f3a1a7be4e.png,1LE50
e00950395de63400ea0925a72ba87c2845d28378.png,OLFAQ
e00ac2132208e91aad623e23425082e36f9aca59.png,D3UTL
e0339334722ef79783b929d799356a42548ba264.png,2D62E
e0a01682ac2fc6a175268c931be474a97330aa00.png,K3381
e0a7ad939a74c9602f9507779ed056036ae9c78e.png,2OBU2
e0b79e29dc38334cec9622fa8e9765c8292be6d2.png,5WBWN
e0c5eda8c703da19c9d49457ed1f62d4106022ed.png,2HWZ3
e0d993b6d73b1b0df3e8366cb456457705c8e91c.png,D28CW
e0e9406efdce009645eacd6bb7f6ef95f0417504.png,OQAZ8
e0f03bcba9f9cd54c08873a262142c237f8ed195.png,YX8C0
e1634f3c80fa4521640f00cbcef7bd52e72e0ee4.png,BED05
e164375a949b6bff3ee122edeb53e53455e1a0e4.png,8UGEO
e16aa3c86a546099069204656a5257ab94c7bf2d.png,ZEJ5D
e178a2d424dad4d326bf231740758da0cd0ad6ec.png,ZJGKM
e1cc0e40daf877a0a35085a286ff26de3555f836.png,FX7Y3
e1f34019f296b2c8cc51ef70c81691c233a8939b.png,JLKZY
e1f7c3a1dfdf8d5a17737dbf01d7bfb23d08fda0.png,DUJBE
e2091aab2d412e2c507473ad2baf880b2b071bf7.png,UJJGF
e2790060db45aaab0098233a5eda863bf2f8269e.png,J6Y5B
e31151190fc8215924f3dec59ef69a92f3f785ff.png,KW0MC
e3355bba1a1ab1590fce1dc3da4ab741571db5bc.png,SLFWT
e40fd756c84562847de9fefe05d21fb66eed776b.png,IX659
e4530325cbb769ed90052a9cf4615b9cf3bd922c.png,9OF90
e4d60099759d24824afdcaf1845db0211f3a7df8.png,GEFSD
e5273768a244782888e35387504a5800c2e7c372.png,YW719
e52ef8966c5030f2ed4fd73462499b3b202cad92.png,F3E76
e578e98ea4f83b285b52889f0a7f1269b0be2cf5.png,03PFA
e591e6a2672df741f8bf696e14102866da5c8566.png,YKVQC
e676e375eedad18778cbca2caff1884dc7591ccf.png,44QN1
e69c5e4daf9568239c014cda8329d4e1b75ed4f6.png,3MTK4
e70eea969f52bb639deed2bcd2b77a5de497d764.png,PJFLX
e74531933526ee5743bf52d6d31f960bc19e5ecc.png,R4C9V
e77f8b158f3aba26231eb603081a821a420d4e24.png,O38QX
e7857e68809478a69fd616bddefbff1c082f318d.png,IXHH0
e7c672245c1dc42aec3dbadefa9f31cb7726375e.png,7H518
e851f0ecd9ba6826ed239bbf261ee5ea26b678f0.png,REWMI
e86d872a47b055b58a584c4bf5c3e29edede8fd9.png,EG26H
e89203f87645bbb2691856320128322fe7a1c52d.png,ZSTUA
e89e7323750523f0c7752d11a09ae1aaa9e31411.png,BY83W
e8eed97f6acb83b299655ab5274db039e05c8370.png,5EYVH
e91c5abac989e721c34ca8736dae7efede34035a.png,MY5NI
e95b36d3c33faa25f0bb9695975ed1eb295c0545.png,T4Z21
eb73443fbfbd1b5672ee28f2059211e374432501.png,BARG4
eb940520ffef9eb22c8ac09deea4218ed8aa18f0.png,JJLUY
ebef7c17dc3a8d6ca16c15e05afb0edf614cefec.png,NNXU9
ec1af21147f1ca1bce43e7e083b5561599a2b506.png,U1W9H
ec5bbe47d67565c959a376946aad32b58c8f3a62.png,3EGHW
ecccad1c0bda7691fac1fbfcb2d9d581bf6c21f5.png,L1XFR
ed2f6b59bf3cd507226817ffac87937550c98429.png,9MUUI
ee4433a9339e13824a2554b40ad723ff0da1379f.png,LC48H
ee4f89a5a6d595fb6714812a56f6098b686adf4a.png,9DGMW
eeb3948d588b550db6168fa21d0f1509cf05751d.png,FXN2Q
eec3ab9543465dafb99f853125cf7089fd54d127.png,PNL0F
eef31490f8945a4e921b7e764aaf57b523ff488c.png,VI653
ef0c5936c43a9f0ab83f5e3376db0ddcdfa4ec28.png,YJW2T
ef16fb3911d464e5be92d637edb5addb8d42e54e.png,M8YD5
ef209ce520fc968a0c5b26cbbe6226077af3661b.png,00WMS
ef66cd1cf3eb45e9ed75e9292fe38491a5e11d51.png,A5GB0
ef8fec7798e87a853cd16da9de71e812d670e804.png,60EKY
ef954460822e3f76834ff12fcb82703c6e22eed2.png,MJB5K
efd7178da8c302439bfb99652c3fd26e96f4c557.png,UEGC4
f03b5741488c962fa8d930252222a33ba646de6a.png,IDWBC
f069e36a3e88a8e414ca5f558581f0168f6ff139.png,QO88G
f08aa97ff871f9e0801193776c0c0c598b822c7b.png,T1XKV
f0fc432206d1e238ad1bc8ec9e460615c59daf60.png,MEQCQ
f10f9c1f33a5792b29a8b53d42c8c60e97db66e9.png,B1YBH
f15f7b902ef4532662bb406481c4731bf022402c.png,JOG6V
f18cc018562482f327cb9308c555d5d2f222ca39.png,50PQF
f1c59cf93ef6123b6cfa743bf1ffaa2c70685d3e.png,VANQS
f1e46fe0a7cae7140fc2186b28657f10a498e89e.png,99BZ8
f20121dfee950c130de3fdaa372bb803caacccf6.png,2ZFC9
f217301183d17c3e6a22c764555f81dfde3f983e.png,PAVJE
f2a2da58b2261cae19c3579897179a9004c23615.png,3BYVE
f2b2a11869007b3cdcadb46ba143f2c6ee71634b.png,PK7F8
f2edcc1e596ad69de29afebefdb13d07b624fc15.png,FZTQT
f380924b3979195b3ba95eee197423badeff2b9d.png,ALZF1
f3e9056f75c1db267e43c136064357c25faac5c1.png,OMBB1
f41dfff46d3dc6fe572cb063f4ebcfecae5d531f.png,DP3T5
f41e00f2173e7d9bd64c2a3e7a172b641dd0a160.png,AS5LR
f44faccb32f05e885e397c438d3deccd108d6f2b.png,V9YJW
f47465f557ea1f14a72d32d3538ccedc4e7e936c.png,4OY6B
f49e44881ffb2439815ea733b54255c95ade4fc4.png,A1BX4
f50bf394ecf9bdefedb0174690cd21afbb104cbd.png,UDXV1
f5273270cde1ce657ea98459988cb12551f8870a.png,BUCN6
f5693056b0b5e3a153bb1977db8b4c55b254ec0b.png,GMOE2
f57b7246247d5ab6c07e366fa1f1e38c3ed2688e.png,H4OR2
f57cee3090f3fc523fa07fa62f68ba4064181521.png,G4PK0
f5f1db771709aea70afc1085347e30e39a2076a4.png,MM8LY
f65b4f5fc1b7a3bc36082030d64f886ae21a2ed0.png,2IRBP
f66cd1464f2dab56460f266f9d629c527499499a.png,VOM68
f6cc1430950f6c6a9b1c57c9bf3b03254bcc7c70.png,F1D7M
f6d906089907d17539aebd616f1157e783ff9b2e.png,OAC54
f6e73c63245c6876c0a68134ab345fc1b957e652.png,QDSN5
f7958ed49cb2d487f35af19fc1ed7c7cbb9f04c8.png,66DSF
f8022af6cbfe961c7cbbefbb195164fc119ac9cd.png,IDMTP
f8229b9ebba41ace455c944c40ccd6ce5bee36d3.png,OU0I1
f82ea49d3dd850d925a69ba8acfdcd8ab3309647.png,BLSHI
f84d85a50fa68f3b80d789d8b0363cad614b9cad.png,BA5RQ
f8ca715f4dc525e1cbf35e1bc950fa60f236c53e.png,UCTQZ
f8e6c58fc10dc55896f092e691abb799f03132c0.png,B9KBW
f8fd16a150cd7320d8cae0b96c5229d9641439b4.png,EE5LA
f93ab22c801bdcaba4484e8ac26e9729481876da.png,5Y65M
f9619aaca5b72d049f688cab72c658277d368766.png,URJYN
f9ad3c63f3acfc7523855633a818263e75e13ccd.png,I4WXG
f9b545929f3bbc2e10631b1c512fac84ce26f4fd.png,3CFSX
f9e47e2ea40590e31fd3513c5092bd89cd1b585c.png,CO80V
fa111183f57a7e12aaca635470631a75a6cc45b4.png,3L2LT
fa7331c6655e1a499acedef5498393fa3dc84a67.png,50C7A
faa639f05da7753bff9ddc3330d0aa417b7a7c0a.png,0J0WS
fac948496194bb3cf249ce7633fe6c97fdeb4c5b.png,MOOEB
fae09bf03e07d46f84f4a9c9e5cd4edce9a483c3.png,S5OYR
fae1f2eee760ff49942c9431f88874920f86a8a5.png,FWT7R
fb2f37d2f68bc4002020c719f09e91d1aac9787d.png,V6YRC
fb410ae2d279456389da5e8214b2f6b0ebc31ef1.png,F85PU
fb50a881db56bea848029ff95a6ee2a41698e8d5.png,IMSYI
fb97102f6bdf1d509bb80fd97baeef3b9b590847.png,J29ZK
fb9eca037561f90c8e37d5a9ef420d994e7a2af9.png,8B7G6
fbbc744361f4a562db1f4811d33bc77f0836d342.png,HW9DP
fbd1e76f79af1dc380745e4a493228aa0e29a9a6.png,3NFKG
fbfebd39ae20d41f3c21d14c936144d130926189.png,60NT0
fc2e92a8d735ca75ed35748bc46c6241299ba3e3.png,J570Y
fc43607740fef2183f2a859e923b05562b7c05c9.png,NPSDX
fcb4d8f450ca8d50963d684c05ba16e0d8c37e73.png,L2R1T
fd54c76428d26c439d6274331e96d76431fd12b3.png,H7486
fdeb80466642fe58736e3194d487ebfeb50c1d8c.png,5MZ84
fe402019178e7b54468dd9c76c9ce503be3dc245.png,GTJD4
fe7e8d5ba93647ee6785b99c14631e5738b93460.png,PLM3Z
fecc337460a5901fe8205ff166a41b6133dc5bd9.png,NUDVZ
ff0340b46d77277f0e58214bd6037e4796dbb5c6.png,K2VP5
ff1eb354d79a4345e78a83ce1642930d2a3e6d10.png,HZ1GF
ff3a494f36ee5baf9516444707b92c9382f28995.png,8RSPL
ff81c72b2cc5fad957246c5b36a43413f69d27eb.png,JNGLO
ffb45d174354496a35ee31690c8423a2de995679.png,6YMZZ
ffe82c8cb2a70babe1ef465d57e82f01ebf55671.png,DXLEP
ffef2962f975319d8138f448f7e50775abdc9fb3.png,K4GJ3